{
      "00:00:00": 23.986865284974094,
      "01:00:00": 23.03866580310881,
      "02:00:00": 22.532616580310883,
      "03:00:00": 22.45724870466321,
      "04:00:00": 23.06569689119171,
      "05:00:00": 25.01823316062176,
      "06:00:00": 27.737689119170987,
      "07:00:00": 30.015235751295336,
      "08:00:00": 31.114971502590677,
      "09:00:00": 31.768406735751295,
      "10:00:00": 32.02972279792746,
      "11:00:00": 32.20129533678757,
      "12:00:00": 32.14655699481865,
      "13:00:00": 31.63243523316062,
      "14:00:00": 31.078435233160622,
      "15:00:00": 30.712634715025906,
      "16:00:00": 30.44131865284974,
      "17:00:00": 30.50545077720207,
      "18:00:00": 31.291593264248707,
      "19:00:00": 32.11236787564767,
      "20:00:00": 31.732945595854922,
      "21:00:00": 29.53926165803109,
      "22:00:00": 27.202816062176165,
      "23:00:00": 25.57283937823834
}