{
      "00:00:00": 24.08231325301205,
      "01:00:00": 22.965939759036143,
      "02:00:00": 22.2024578313253,
      "03:00:00": 21.899819277108435,
      "04:00:00": 21.73314457831325,
      "05:00:00": 22.044421686746986,
      "06:00:00": 22.897530120481928,
      "07:00:00": 24.356132530120483,
      "08:00:00": 26.177903614457826,
      "09:00:00": 27.6139156626506,
      "10:00:00": 28.071746987951805,
      "11:00:00": 28.20779518072289,
      "12:00:00": 28.322433734939757,
      "13:00:00": 27.936746987951807,
      "14:00:00": 27.026927710843374,
      "15:00:00": 26.38075903614458,
      "16:00:00": 26.171361445783127,
      "17:00:00": 26.446963855421686,
      "18:00:00": 27.344530120481934,
      "19:00:00": 28.392819277108437,
      "20:00:00": 28.63020481927711,
      "21:00:00": 27.11734939759037,
      "22:00:00": 25.287602409638556,
      "23:00:00": 23.628096385542168
}