{
      "00:00:00": 22.148512396694212,
      "01:00:00": 21.055983471074384,
      "02:00:00": 20.379438016528926,
      "03:00:00": 20.008438016528924,
      "04:00:00": 19.963528925619833,
      "05:00:00": 20.106099173553716,
      "06:00:00": 20.503652892561984,
      "07:00:00": 21.38533884297521,
      "08:00:00": 22.811322314049583,
      "09:00:00": 24.35427272727273,
      "10:00:00": 25.174495867768595,
      "11:00:00": 25.617148760330583,
      "12:00:00": 26.045636363636362,
      "13:00:00": 25.969123966942153,
      "14:00:00": 25.064041322314043,
      "15:00:00": 24.40498347107438,
      "16:00:00": 24.280289256198348,
      "17:00:00": 24.839322314049586,
      "18:00:00": 26.13206611570248,
      "19:00:00": 27.570181818181815,
      "20:00:00": 28.182,
      "21:00:00": 26.959239669421486,
      "22:00:00": 25.097380165289255,
      "23:00:00": 23.391338842975205
}